,feature,importance
1,PC4_stock,0.3536206287248729
2,PC5_stock,0.3480883609118134
0,PC2_stock,0.2982910103633137
